{
  "project_info": {
    "project_number": "149513632973",
    "firebase_url": "https://yonathaniot-default-rtdb.asia-southeast1.firebasedatabase.app",
    "project_id": "yonathaniot",
    "storage_bucket": "yonathaniot.appspot.com"
  },
  "client": [
    {
      "client_info": {
        "mobilesdk_app_id": "1:149513632973:android:25faabf064a95695cfbd84",
        "android_client_info": {
          "package_name": "com.example.iotfirebase"
        }
      },
      "oauth_client": [
        {
          "client_id": "149513632973-ctadhpjphev3knd632haafn5idnemcve.apps.googleusercontent.com",
          "client_type": 1,
          "android_info": {
            "package_name": "com.example.iotfirebase",
            "certificate_hash": "b58be7984519ebd2936230dca2a01b91a0ef8a38"
          }
        },
        {
          "client_id": "149513632973-tbeqi2hrfob2d8qctr76rfrleq8pksk1.apps.googleusercontent.com",
          "client_type": 3
        }
      ],
      "api_key": [
        {
          "current_key": "AIzaSyBKfc5x8Sum4uWUQRJ6MPb_Oe88CX1Ce24"
        }
      ],
      "services": {
        "appinvite_service": {
          "other_platform_oauth_client": [
            {
              "client_id": "149513632973-tbeqi2hrfob2d8qctr76rfrleq8pksk1.apps.googleusercontent.com",
              "client_type": 3
            }
          ]
        }
      }
    }
  ],
  "configuration_version": "1"
}